INSERT INTO "public"."adresses" ("id", "country", "city", "street", "number", "created_at", "updated_at") VALUES ('1', 'Portugal', 'North Angeline', '1QKFMTY9x98wRyFnceoRVbYJw', '345', '2018-12-28 04:45:31', '2018-12-28 04:45:31'),
('2', 'Lithuania', 'Port Heloise', 'oTJjNQKSnjVttIjyFpAz3ypz1', '177', '2018-12-28 04:45:31', '2018-12-28 04:45:31'),
('3', 'Spain', 'South Elwin', 'S89pNtn74GkGAJbgA6xX0osLD', '859', '2018-12-28 04:45:31', '2018-12-28 04:45:31'),
('4', 'Congo', 'New Laurineland', 'Kk4K8GXLSnHl7asXzT9V6KF0e', '686', '2018-12-28 04:45:31', '2018-12-28 04:45:31'),
('5', 'Comoros', 'East Adriannaberg', '0BqNhXpBkcN5EcG8IvWQLkP7y', '354', '2018-12-28 04:45:31', '2018-12-28 04:45:31');

INSERT INTO "public"."vehicle_suppliers" ("id", "name", "email", "phonenumber", "adress_id", "created_at", "updated_at") VALUES ('1', 'Lang-Jacobs', 'beatty.otha@domain.com', '877.648.4664', '1', '2018-12-28 04:45:31', '2018-12-28 04:45:31'),
('2', 'Green-Herzog', 'frederic25@domain.com', '1-855-967-6802', '1', '2018-12-28 04:45:31', '2018-12-28 04:45:31'),
('3', 'Olson, Senger and Mante', 'gwiza@domain.com', '1-800-889-0661', '3', '2018-12-28 04:45:31', '2018-12-28 04:45:31'),
('4', 'Schroeder and Sons', 'ledner.jordi@domain.com', '(855) 405-7172', '3', '2018-12-28 04:45:31', '2018-12-28 04:45:31'),
('5', 'Gulgowski-Rempel', 'zbauch@domain.com', '(888) 720-1629', '4', '2018-12-28 04:45:31', '2018-12-28 04:45:31');

INSERT INTO "public"."vehicles" ("id", "price", "date", "availability", "capacity", "patent", "brand", "model", "description", "vehicle_supplier_id", "created_at", "updated_at") VALUES ('1', '13593.00', '2010-04-23 05:27:03', 'f', '1', 'i9Iz58', 'Subaru', 'Modelo2', 'I''ll kick you.', '1', '2018-12-28 04:45:31', '2018-12-28 04:45:31'),
('2', '11543.00', '2003-05-14 20:49:16', 't', '6', 'Vw4y85', 'Peugeot', 'Modelo3', 'I don''t think,''.', '2', '2018-12-28 04:45:31', '2018-12-28 04:45:31'),
('3', '13442.00', '1997-03-27 22:12:25', 't', '1', 'VDGr83', 'Bugatti', 'Modelo1', 'Alice.', '3', '2018-12-28 04:45:31', '2018-12-28 04:45:31'),
('4', '10024.00', '2000-03-17 11:28:12', 't', '2', 'qwmu63', 'Pagani', 'Modelo2', 'Please.', '2', '2018-12-28 04:45:31', '2018-12-28 04:45:31'),
('5', '7013.00', '1975-04-26 02:44:08', 'f', '7', 'Xuy922', 'Audi', 'Modelo1', 'I''m mad?'' said.', '3', '2018-12-28 04:45:31', '2018-12-28 04:45:31');

INSERT INTO "public"."activity_providers" ("id", "name", "email", "phone", "adress_id", "created_at", "updated_at") VALUES ('1', 'Watsica, Sawayn and Leffler', 'susana34@example.org', '800.640.5410', '2', '2018-12-28 04:45:31', '2018-12-28 04:45:31'),
('2', 'Pollich Ltd', 'kane69@example.net', '(877) 904-6511', '4', '2018-12-28 04:45:31', '2018-12-28 04:45:31'),
('3', 'Rice Inc', 'kacey81@example.com', '800.365.6007', '1', '2018-12-28 04:45:31', '2018-12-28 04:45:31'),
('4', 'Satterfield, Hudson and Nitzsche', 'lmayert@example.com', '866-810-0346', '1', '2018-12-28 04:45:31', '2018-12-28 04:45:31'),
('5', 'Romaguera PLC', 'walker.rosella@example.org', '800.267.0050', '3', '2018-12-28 04:45:31', '2018-12-28 04:45:31');

INSERT INTO "public"."activities" ("id", "adultprice", "kidprice", "startdate", "enddate", "name", "description", "adultscapacity", "kidscapacity", "availability", "activity_provider_id", "created_at", "updated_at") VALUES ('1', '95244.00', '92908.00', '2019-01-01 18:44:49', '2019-01-21 10:09:11', 'gEyF3g995YkNiWaYQe7Os4HfnDaMsM', 'The jury.', '93', '31', 't', '3', '2018-12-28 04:45:31', '2018-12-28 04:45:31'),
('2', '106215.00', '165664.00', '2018-12-28 06:01:16', '2019-01-21 07:09:26', 'LVQXHIkBwKiNKRV8TiLF4AwCGOtwAm', 'March Hare.', '14', '41', 't', '4', '2018-12-28 04:45:31', '2018-12-28 04:45:31'),
('3', '211505.00', '31811.00', '2019-01-07 10:12:13', '2019-01-13 04:16:29', 'QVQsOSzvQKQcRVzRy9V01XqSe47OVz', '.', '36', '32', 'f', '4', '2018-12-28 04:45:31', '2018-12-28 04:45:31'),
('4', '296060.00', '132637.00', '2019-01-08 09:21:17', '2019-01-22 12:18:01', 'sxagRgIlKjOPS2jZdbORJTqbz21wGV', 'Alice.', '63', '45', 't', '1', '2018-12-28 04:45:31', '2018-12-28 04:45:31'),
('5', '298374.00', '44060.00', '2019-01-07 11:30:32', '2019-01-24 12:46:03', 'mXmS6GAQ3Oe52TQ9mElqCvq9FwOsIy', 'Latitude was, or.', '52', '39', 'f', '2', '2018-12-28 04:45:31', '2018-12-28 04:45:31');

INSERT INTO "public"."flights" ("id", "price", "startdate", "enddate", "availability", "created_at", "updated_at") VALUES ('1', '481707.00', '2018-12-30 11:09:04', '2019-01-23 17:54:06', 't', '2018-12-28 04:45:31', '2018-12-28 04:45:31'),
('2', '1192750.00', '2019-01-09 03:44:26', '2019-01-14 14:35:25', 't', '2018-12-28 04:45:31', '2018-12-28 04:45:31'),
('3', '417578.00', '2019-01-05 11:52:33', '2019-01-19 04:20:28', 'f', '2018-12-28 04:45:31', '2018-12-28 04:45:31'),
('4', '1460578.00', '2019-01-05 01:37:23', '2019-01-19 14:29:21', 't', '2018-12-28 04:45:31', '2018-12-28 04:45:31'),
('5', '483500.00', '2018-12-29 10:20:36', '2019-01-24 02:05:53', 'f', '2018-12-28 04:45:31', '2018-12-28 04:45:31');

INSERT INTO "public"."insurances" ("id", "price", "description", "availability", "created_at", "updated_at", "flight_id") VALUES ('1', '226121.00', 'Gryphon, half to.', 't', '2018-12-28 04:45:31', '2018-12-28 04:45:31', '1'),
('2', '169441.00', 'Duchess; ''and.', 't', '2018-12-28 04:45:31', '2018-12-28 04:45:31', '3'),
('3', '168638.00', 'Dormouse,''.', 'f', '2018-12-28 04:45:31', '2018-12-28 04:45:31', '2'),
('4', '179932.00', 'March.'' As.', 'f', '2018-12-28 04:45:31', '2018-12-28 04:45:31', '5'),
('5', '243599.00', 'Gryphon. ''Then.', 'f', '2018-12-28 04:45:31', '2018-12-28 04:45:31', '3');

INSERT INTO "public"."stretches" ("id", "origin", "destiny", "airline", "platform", "risetime", "created_at", "updated_at") VALUES ('1', 'Wintheiserfurt', 'Schaeferstad', 'McKenzie, Larson and Cronin', '2', '2018-12-31 01:53:24', '2018-12-28 04:45:31', '2018-12-28 04:45:31'),
('2', 'Catalinafurt', 'Rodriguezton', 'Keebler, Heaney and Homenick', '8', '2019-01-07 13:22:55', '2018-12-28 04:45:31', '2018-12-28 04:45:31'),
('3', 'South Jaime', 'East Lera', 'Frami-Hansen', '1', '2019-01-05 05:01:30', '2018-12-28 04:45:31', '2018-12-28 04:45:31'),
('4', 'East Camilaview', 'Collierberg', 'Kilback-Welch', '2', '2019-01-01 15:46:33', '2018-12-28 04:45:31', '2018-12-28 04:45:31'),
('5', 'Gislasonmouth', 'Lake Lavonchester', 'Kautzer, Reinger and Ortiz', '6', '2018-12-29 23:00:25', '2018-12-28 04:45:31', '2018-12-28 04:45:31');

INSERT INTO "public"."airplanes" ("id", "name", "code", "created_at", "updated_at") VALUES ('1', 'eblR8vrUK8JKuEJt3mNrcxSbYhkGGS', '1729', '2018-12-28 04:45:31', '2018-12-28 04:45:31'),
('2', 'KCLYz8feRECfT5lkeb7z7UKjXNBfFw', '8709', '2018-12-28 04:45:31', '2018-12-28 04:45:31'),
('3', 'RjTMskeVZjF4QtKYAnEbReQEWTmcjq', '2641', '2018-12-28 04:45:31', '2018-12-28 04:45:31'),
('4', 'uSn4yN7SkAbPApdc5SDviCrD4OEnOo', '3877', '2018-12-28 04:45:31', '2018-12-28 04:45:31'),
('5', 'FYacdb98BGUtvCxZ4rSbgcrUSM0F8y', '7590', '2018-12-28 04:45:31', '2018-12-28 04:45:31');

INSERT INTO "public"."airports" ("id", "name", "telephone", "mail", "adress_id", "created_at", "updated_at") VALUES ('1', 'Runte-Hagenes', '1-877-576-9657', 'freddy48@example.com', '2', '2018-12-28 04:45:31', '2018-12-28 04:45:31'),
('2', 'Deckow Ltd', '1-866-335-1188', 'stephen88@example.net', '3', '2018-12-28 04:45:32', '2018-12-28 04:45:32'),
('3', 'Bernhard-Barrows', '855-871-4434', 'gerlach.margarette@example.com', '5', '2018-12-28 04:45:32', '2018-12-28 04:45:32'),
('4', 'Feil Group', '(877) 716-3321', 'johnson.francis@example.net', '3', '2018-12-28 04:45:32', '2018-12-28 04:45:32'),
('5', 'Rice, Moen and Walsh', '877.933.1360', 'adrienne92@example.com', '2', '2018-12-28 04:45:32', '2018-12-28 04:45:32');

INSERT INTO "public"."lodgings" ("id", "name", "email", "phonenumber", "evaluation", "numberofrooms", "description", "adress_id", "created_at", "updated_at") VALUES ('1', 'Abernathy-Zboncak', 'stanton.brooklyn@example.com', '844-964-3736', '5', '19', 'They were.', '2', '2018-12-28 04:45:32', '2018-12-28 04:45:32'),
('2', 'Konopelski-Carter', 'ludie.miller@example.com', '877-648-9818', '3', '25', 'Lory, who.', '5', '2018-12-28 04:45:32', '2018-12-28 04:45:32'),
('3', 'Nikolaus-Carroll', 'margaretta.lesch@example.net', '888-660-9688', '2', '17', 'Seven.', '3', '2018-12-28 04:45:32', '2018-12-28 04:45:32'),
('4', 'Ritchie Inc', 'carlo58@example.com', '1-844-218-1738', '4', '39', 'One,'' said.', '2', '2018-12-28 04:45:32', '2018-12-28 04:45:32'),
('5', 'Berge Group', 'orie.yost@example.com', '(866) 224-9581', '4', '36', 'I shall.', '4', '2018-12-28 04:45:32', '2018-12-28 04:45:32');

INSERT INTO "public"."packages" ("id", "price", "name", "discount", "description", "created_at", "updated_at") VALUES ('1', '883399.00', 'I don''t.', '11.00', 'You see the.', '2018-12-28 04:45:32', '2018-12-28 04:45:32'),
('2', '922916.00', 'I should think you''ll feel it a.', '9.00', 'Alice thought.', '2018-12-28 04:45:32', '2018-12-28 04:45:32'),
('3', '751087.00', 'King.', '7.00', 'King replied.', '2018-12-28 04:45:32', '2018-12-28 04:45:32'),
('4', '755400.00', 'March Hare. ''Sixteenth,'' added the.', '9.00', 'But said I.', '2018-12-28 04:45:32', '2018-12-28 04:45:32'),
('5', '386289.00', 'Beautiful.', '50.00', 'I BEG your.', '2018-12-28 04:45:32', '2018-12-28 04:45:32');

INSERT INTO "public"."rooms" ("id", "price", "doornumber", "kidscapacity", "adultscapacity", "type", "description", "availability", "lodging_id", "created_at", "updated_at") VALUES ('1', '48075.00', '20', '3', '5', '5', 'Alice went.', 'f', '2', '2018-12-28 04:45:32', '2018-12-28 04:45:32'),
('2', '68717.00', '23', '4', '1', '5', 'The.', 't', '4', '2018-12-28 04:45:32', '2018-12-28 04:45:32'),
('3', '38832.00', '37', '1', '6', '5', 'When she got.', 't', '3', '2018-12-28 04:45:32', '2018-12-28 04:45:32'),
('4', '36432.00', '4', '3', '7', '2', 'I tell you.', 'f', '5', '2018-12-28 04:45:32', '2018-12-28 04:45:32'),
('5', '22747.00', '35', '1', '2', '5', 'I should frighten.', 'f', '3', '2018-12-28 04:45:32', '2018-12-28 04:45:32');

INSERT INTO "public"."room_schedules" ("id", "startdate", "enddate", "room_id", "created_at", "updated_at") VALUES ('1', '2019-01-07 15:55:12', '2019-01-11 13:33:03', '4', '2018-12-28 04:45:32', '2018-12-28 04:45:32'),
('2', '2018-12-31 02:24:44', '2019-01-15 05:59:11', '4', '2018-12-28 04:45:32', '2018-12-28 04:45:32'),
('3', '2019-01-01 12:10:38', '2019-01-18 23:48:48', '5', '2018-12-28 04:45:32', '2018-12-28 04:45:32'),
('4', '2018-12-30 10:09:57', '2019-01-20 14:49:06', '2', '2018-12-28 04:45:32', '2018-12-28 04:45:32'),
('5', '2019-01-05 05:50:29', '2019-01-12 19:38:44', '2', '2018-12-28 04:45:32', '2018-12-28 04:45:32');

INSERT INTO "public"."seats" ("id", "seatnumber", "availability", "checkin", "type", "airplane_id", "created_at", "updated_at") VALUES ('1', '12', 't', 'f', 'Premium Business', '3', '2018-12-28 04:45:32', '2018-12-28 04:45:32'),
('2', '9', 'f', 't', 'Premium Business', '3', '2018-12-28 04:45:32', '2018-12-28 04:45:32'),
('3', '118', 't', 'f', 'Premium Business', '3', '2018-12-28 04:45:32', '2018-12-28 04:45:32'),
('4', '54', 'f', 'f', 'Premium Economy', '3', '2018-12-28 04:45:32', '2018-12-28 04:45:32'),
('5', '127', 't', 'f', 'Economy', '1', '2018-12-28 04:45:32', '2018-12-28 04:45:32');

INSERT INTO "public"."roles" ("id", "name", "description", "created_at", "updated_at") VALUES ('1', 'Admin', 'Soup! Soup of.', '2018-12-28 04:45:32', '2018-12-28 04:45:32'),
('2', 'User', 'I shan''t.', '2018-12-28 04:45:32', '2018-12-28 04:45:32');

INSERT INTO "public"."users" ("id", "country", "email", "email_verified_at", "password", "name", "lastname", "borndate", "phone", "documentorigincountry", "typeofdocument", "numberofdocument", "points", "money", "remember_token", "created_at", "updated_at") VALUES ('1', 'Belgium', 'garnet24@example.org', '2018-12-28 04:45:32', '$2y$10$TKh8H1.PfQx37YgCzwiKb.KjNyWgaHb9cbcoQgdIVFlYg7B77UdFm', 'Darryl', 'Bradtke', '1984-08-20 10:46:43', '877-208-2901', 'Albania', 'Pasaporte', '290038872', '115', '1482981.00', 'rhJggNBztE', '2018-12-28 04:45:32', '2018-12-28 04:45:32'),
('2', 'Antigua and Barbuda', 'leola.herzog@example.org', '2018-12-28 04:45:32', '$2y$10$TKh8H1.PfQx37YgCzwiKb.KjNyWgaHb9cbcoQgdIVFlYg7B77UdFm', 'Alek', 'Dietrich', '1954-05-15 22:26:46', '(855) 774-0917', 'Slovenia', 'Pasaporte', '418626144', '180', '457884.00', 'roiwy2WK9B', '2018-12-28 04:45:32', '2018-12-28 04:45:32'),
('3', 'New Zealand', 'golda.west@example.com', '2018-12-28 04:45:32', '$2y$10$TKh8H1.PfQx37YgCzwiKb.KjNyWgaHb9cbcoQgdIVFlYg7B77UdFm', 'Maci', 'Christiansen', '1959-08-07 22:05:00', '1-800-639-0465', 'San Marino', 'Pasaporte', '677043703', '210', '1111619.00', 'zwTI5d3yA0', '2018-12-28 04:45:32', '2018-12-28 04:45:32'),
('4', 'Saint Lucia', 'desiree06@example.org', '2018-12-28 04:45:32', '$2y$10$TKh8H1.PfQx37YgCzwiKb.KjNyWgaHb9cbcoQgdIVFlYg7B77UdFm', 'Arturo', 'Grimes', '1990-06-15 10:17:41', '877-650-3098', 'Eritrea', 'Pasaporte', '965828628', '1122', '684489.00', 'h7qPLtGfd4', '2018-12-28 04:45:32', '2018-12-28 04:45:32'),
('5', 'Canada', 'rswaniawski@example.net', '2018-12-28 04:45:32', '$2y$10$TKh8H1.PfQx37YgCzwiKb.KjNyWgaHb9cbcoQgdIVFlYg7B77UdFm', 'Jack', 'Mitchell', '1989-09-15 04:37:06', '877-352-4418', 'Montserrat', 'Pasaporte', '632233437', '267', '54532.00', '4BA12lhHRy', '2018-12-28 04:45:32', '2018-12-28 04:45:32');

INSERT INTO "public"."reserves" ("id", "date", "product", "amount", "price", "user_id", "created_at", "updated_at") VALUES ('1', '2018-12-24 09:12:35', 'Cew63c0yos1X7fn4bXtnS7r6iQyatMun5r4GlZX5CsCCY4Dfpe', '3', '1761181.00', '1', '2018-12-28 04:45:32', '2018-12-28 04:45:32'),
('2', '2018-12-19 21:00:30', '8MzdHYyjhDNxSNwCr97RqeJ0Pw0FU7pBriES1glXqwUYjDTolu', '5', '1811845.00', '5', '2018-12-28 04:45:32', '2018-12-28 04:45:32'),
('3', '2018-11-28 12:57:41', 'zWD8CVRYXRlZniKPjauBTibAJj1OiWljIBQnVvxJWsIXlbYml1', '2', '407753.00', '3', '2018-12-28 04:45:32', '2018-12-28 04:45:32'),
('4', '2018-12-03 21:30:13', '8MVFcVzsRvQGrGKVA7NctRM4TRXq2MiheySD0qhZJUQg5hbGHh', '3', '1242308.00', '2', '2018-12-28 04:45:32', '2018-12-28 04:45:32'),
('5', '2018-12-01 23:34:50', '4EEf14tuPfG2C8vmfvWGOHbgz7YLi6CbzMjun2qg91ZkABmKCB', '1', '1504392.00', '3', '2018-12-28 04:45:32', '2018-12-28 04:45:32');

INSERT INTO "public"."payment_methods" ("id", "bankaccountnumber", "typeofaccount", "bank", "created_at", "updated_at", "reserve_id") VALUES ('1', '2775375041740', 'Cuenta corriente', 'Kub, Quigley and McClure', '2018-12-28 04:45:32', '2018-12-28 04:45:32', '5'),
('2', '3944294', 'Crédito', 'Green-Ritchie', '2018-12-28 04:45:32', '2018-12-28 04:45:32', '3'),
('3', '316446228109', 'Cuenta vista', 'Strosin Inc', '2018-12-28 04:45:32', '2018-12-28 04:45:32', '3'),
('4', '5667800584196', 'Cuenta corriente', 'Boyle-Aufderhar', '2018-12-28 04:45:32', '2018-12-28 04:45:32', '4'),
('5', '5821243978', 'Cuenta corriente', 'Stokes, O''Hara and Bode', '2018-12-28 04:45:32', '2018-12-28 04:45:32', '5');

INSERT INTO "public"."transfer_providers" ("id", "name", "telephone", "mail", "adress_id", "created_at", "updated_at") VALUES ('1', 'Schulist, Schultz and Heidenreich', '888.417.0233', 'josianne.pagac@example.org', '2', '2018-12-28 04:45:32', '2018-12-28 04:45:32'),
('2', 'Mohr-Langosh', '1-866-237-3100', 'bashirian.susan@example.com', '1', '2018-12-28 04:45:32', '2018-12-28 04:45:32'),
('3', 'Jacobi-Padberg', '877-500-9416', 'mklocko@example.org', '2', '2018-12-28 04:45:32', '2018-12-28 04:45:32'),
('4', 'O''Keefe Ltd', '855-501-8798', 'shirley79@example.net', '3', '2018-12-28 04:45:32', '2018-12-28 04:45:32'),
('5', 'Weissnat, Ryan and Hansen', '1-888-477-9520', 'leo91@example.com', '5', '2018-12-28 04:45:32', '2018-12-28 04:45:32');

INSERT INTO "public"."transfers" ("id", "price", "capacity", "description", "brand", "model", "type", "availability", "created_at", "updated_at", "transfer_provider_id") VALUES ('1', '86584', '1', 'Queen.', 'Bugatti', 'Modelo3', '3', 't', '2018-12-28 04:45:32', '2018-12-28 04:45:32', '2'),
('2', '36471', '2', 'However, she soon.', 'Pagani', 'Modelo3', '3', 't', '2018-12-28 04:45:32', '2018-12-28 04:45:32', '5'),
('3', '79195', '6', 'But the.', 'Alfa romeo', 'Modelo1', '4', 't', '2018-12-28 04:45:32', '2018-12-28 04:45:32', '5'),
('4', '78828', '7', 'Alice very.', 'Chevrolet', 'Modelo3', '3', 't', '2018-12-28 04:45:33', '2018-12-28 04:45:33', '1'),
('5', '68913', '1', 'The.', 'Tesla', 'Modelo3', '1', 't', '2018-12-28 04:45:33', '2018-12-28 04:45:33', '4');

INSERT INTO "public"."transfer_schedules" ("id", "startdate", "enddate", "created_at", "updated_at", "transfer_id") VALUES ('1', '2019-01-08 21:07:41', '2019-01-13 13:55:53', '2018-12-28 04:45:33', '2018-12-28 04:45:33', '2'),
('2', '2019-01-07 13:47:02', '2019-01-22 22:00:00', '2018-12-28 04:45:33', '2018-12-28 04:45:33', '1'),
('3', '2018-12-30 10:26:05', '2019-01-19 09:09:39', '2018-12-28 04:45:33', '2018-12-28 04:45:33', '4'),
('4', '2019-01-06 05:17:35', '2019-01-24 10:15:03', '2018-12-28 04:45:33', '2018-12-28 04:45:33', '1'),
('5', '2019-01-09 03:24:01', '2019-01-11 20:05:45', '2018-12-28 04:45:33', '2018-12-28 04:45:33', '2');

INSERT INTO "public"."vehicle_schedules" ("id", "startdate", "enddate", "vehicle_id", "created_at", "updated_at") VALUES ('1', '2019-01-04 11:40:31', '2019-01-12 15:02:14', '4', '2018-12-28 04:45:33', '2018-12-28 04:45:33'),
('2', '2019-01-04 19:46:34', '2019-01-17 15:58:24', '3', '2018-12-28 04:45:33', '2018-12-28 04:45:33'),
('3', '2019-01-05 14:43:16', '2019-01-18 04:05:32', '1', '2018-12-28 04:45:33', '2018-12-28 04:45:33'),
('4', '2018-12-30 13:21:06', '2019-01-17 14:53:26', '4', '2018-12-28 04:45:33', '2018-12-28 04:45:33'),
('5', '2019-01-04 13:55:09', '2019-01-22 15:28:32', '3', '2018-12-28 04:45:33', '2018-12-28 04:45:33');

INSERT INTO "public"."airplane_stretch" ("id", "airplane_id", "stretch_id", "created_at", "updated_at") VALUES ('1', '2', '2', '2018-12-28 04:45:33', '2018-12-28 04:45:33'),
('2', '1', '3', '2018-12-28 04:45:33', '2018-12-28 04:45:33'),
('3', '5', '1', '2018-12-28 04:45:33', '2018-12-28 04:45:33'),
('4', '4', '4', '2018-12-28 04:45:33', '2018-12-28 04:45:33'),
('5', '3', '5', '2018-12-28 04:45:33', '2018-12-28 04:45:33');

INSERT INTO "public"."transfer_schedule_adresses" ("id", "type", "created_at", "updated_at", "adress_id", "transfer_schedule_id") VALUES ('1', 'f', '2018-12-28 04:45:33', '2018-12-28 04:45:33', '1', '4'),
('2', 'f', '2018-12-28 04:45:33', '2018-12-28 04:45:33', '4', '2'),
('3', 't', '2018-12-28 04:45:33', '2018-12-28 04:45:33', '2', '1'),
('4', 't', '2018-12-28 04:45:33', '2018-12-28 04:45:33', '3', '3'),
('5', 'f', '2018-12-28 04:45:33', '2018-12-28 04:45:33', '5', '5');

INSERT INTO "public"."package_transfer" ("id", "created_at", "updated_at", "package_id", "transfer_id") VALUES ('1', '2018-12-28 04:45:33', '2018-12-28 04:45:33', '1', '3'),
('2', '2018-12-28 04:45:33', '2018-12-28 04:45:33', '3', '5'),
('3', '2018-12-28 04:45:33', '2018-12-28 04:45:33', '4', '1'),
('4', '2018-12-28 04:45:33', '2018-12-28 04:45:33', '5', '2'),
('5', '2018-12-28 04:45:33', '2018-12-28 04:45:33', '2', '4');

INSERT INTO "public"."package_flight" ("id", "created_at", "updated_at", "package_id", "flight_id") VALUES ('1', '2018-12-28 04:45:33', '2018-12-28 04:45:33', '3', '5'),
('2', '2018-12-28 04:45:33', '2018-12-28 04:45:33', '5', '2'),
('3', '2018-12-28 04:45:33', '2018-12-28 04:45:33', '2', '3'),
('4', '2018-12-28 04:45:33', '2018-12-28 04:45:33', '4', '1'),
('5', '2018-12-28 04:45:33', '2018-12-28 04:45:33', '1', '4');

INSERT INTO "public"."package_activity" ("id", "created_at", "updated_at", "package_id", "activity_id") VALUES ('1', '2018-12-28 04:45:33', '2018-12-28 04:45:33', '4', '3'),
('2', '2018-12-28 04:45:33', '2018-12-28 04:45:33', '1', '1'),
('3', '2018-12-28 04:45:33', '2018-12-28 04:45:33', '3', '2'),
('4', '2018-12-28 04:45:33', '2018-12-28 04:45:33', '2', '5'),
('5', '2018-12-28 04:45:33', '2018-12-28 04:45:33', '5', '4');

INSERT INTO "public"."package_room" ("id", "created_at", "updated_at", "package_id", "room_id") VALUES ('1', '2018-12-28 04:45:33', '2018-12-28 04:45:33', '1', '5'),
('2', '2018-12-28 04:45:33', '2018-12-28 04:45:33', '4', '1'),
('3', '2018-12-28 04:45:33', '2018-12-28 04:45:33', '5', '4'),
('4', '2018-12-28 04:45:33', '2018-12-28 04:45:33', '3', '2'),
('5', '2018-12-28 04:45:33', '2018-12-28 04:45:33', '2', '3');

INSERT INTO "public"."package_vehicle" ("id", "created_at", "updated_at", "package_id", "vehicle_id") VALUES ('1', '2018-12-28 04:45:33', '2018-12-28 04:45:33', '1', '3'),
('2', '2018-12-28 04:45:33', '2018-12-28 04:45:33', '5', '4'),
('3', '2018-12-28 04:45:33', '2018-12-28 04:45:33', '4', '5'),
('4', '2018-12-28 04:45:33', '2018-12-28 04:45:33', '2', '2'),
('5', '2018-12-28 04:45:33', '2018-12-28 04:45:33', '3', '1');

INSERT INTO "public"."reserve_room" ("id", "reserve_id", "room_id", "created_at", "updated_at") VALUES ('1', '5', '2', '2018-12-28 04:45:33', '2018-12-28 04:45:33'),
('2', '1', '3', '2018-12-28 04:45:33', '2018-12-28 04:45:33'),
('3', '3', '5', '2018-12-28 04:45:33', '2018-12-28 04:45:33'),
('4', '4', '4', '2018-12-28 04:45:33', '2018-12-28 04:45:33'),
('5', '2', '1', '2018-12-28 04:45:33', '2018-12-28 04:45:33');

INSERT INTO "public"."reserve_package" ("id", "created_at", "updated_at", "reserve_id", "package_id") VALUES ('1', '2018-12-28 04:45:33', '2018-12-28 04:45:33', '5', '3'),
('2', '2018-12-28 04:45:33', '2018-12-28 04:45:33', '3', '2'),
('3', '2018-12-28 04:45:33', '2018-12-28 04:45:33', '2', '5'),
('4', '2018-12-28 04:45:33', '2018-12-28 04:45:33', '1', '1'),
('5', '2018-12-28 04:45:33', '2018-12-28 04:45:33', '4', '4');

INSERT INTO "public"."reserve_activity" ("id", "reserve_id", "activity_id", "created_at", "updated_at") VALUES ('1', '1', '1', '2018-12-28 04:45:33', '2018-12-28 04:45:33'),
('2', '3', '5', '2018-12-28 04:45:33', '2018-12-28 04:45:33'),
('3', '4', '4', '2018-12-28 04:45:33', '2018-12-28 04:45:33'),
('4', '2', '3', '2018-12-28 04:45:33', '2018-12-28 04:45:33'),
('5', '5', '2', '2018-12-28 04:45:33', '2018-12-28 04:45:33');

INSERT INTO "public"."reserve_vehicle" ("id", "created_at", "updated_at", "vehicle_id", "reserve_id") VALUES ('1', '2018-12-28 04:45:33', '2018-12-28 04:45:33', '3', '1'),
('2', '2018-12-28 04:45:33', '2018-12-28 04:45:33', '1', '2'),
('3', '2018-12-28 04:45:33', '2018-12-28 04:45:33', '5', '3'),
('4', '2018-12-28 04:45:33', '2018-12-28 04:45:33', '4', '4'),
('5', '2018-12-28 04:45:33', '2018-12-28 04:45:33', '2', '5');

INSERT INTO "public"."reserve_transfer" ("id", "created_at", "updated_at", "reserve_id", "transfer_id") VALUES ('1', '2018-12-28 04:45:33', '2018-12-28 04:45:33', '4', '1'),
('2', '2018-12-28 04:45:33', '2018-12-28 04:45:33', '3', '4'),
('3', '2018-12-28 04:45:33', '2018-12-28 04:45:33', '5', '5'),
('4', '2018-12-28 04:45:33', '2018-12-28 04:45:33', '2', '3'),
('5', '2018-12-28 04:45:33', '2018-12-28 04:45:33', '1', '2');

INSERT INTO "public"."flight_reserve" ("id", "created_at", "updated_at", "flight_id", "reserve_id") VALUES ('1', '2018-12-28 04:45:33', '2018-12-28 04:45:33', '3', '4'),
('2', '2018-12-28 04:45:33', '2018-12-28 04:45:33', '1', '1'),
('3', '2018-12-28 04:45:33', '2018-12-28 04:45:33', '4', '2'),
('4', '2018-12-28 04:45:33', '2018-12-28 04:45:33', '2', '3'),
('5', '2018-12-28 04:45:33', '2018-12-28 04:45:33', '5', '5');

INSERT INTO "public"."flight_stretch" ("id", "created_at", "updated_at", "flight_id", "stretch_id") VALUES ('1', '2018-12-28 04:45:33', '2018-12-28 04:45:33', '3', '3'),
('2', '2018-12-28 04:45:33', '2018-12-28 04:45:33', '5', '5'),
('3', '2018-12-28 04:45:33', '2018-12-28 04:45:33', '2', '1'),
('4', '2018-12-28 04:45:33', '2018-12-28 04:45:33', '4', '4'),
('5', '2018-12-28 04:45:33', '2018-12-28 04:45:33', '1', '2');

INSERT INTO "public"."airport_flight" ("id", "created_at", "updated_at", "flight_id", "airport_id") VALUES ('1', '2018-12-28 04:45:33', '2018-12-28 04:45:33', '2', '1'),
('2', '2018-12-28 04:45:33', '2018-12-28 04:45:33', '5', '3'),
('3', '2018-12-28 04:45:33', '2018-12-28 04:45:33', '4', '4'),
('4', '2018-12-28 04:45:33', '2018-12-28 04:45:33', '3', '2'),
('5', '2018-12-28 04:45:33', '2018-12-28 04:45:33', '1', '5');

INSERT INTO "public"."user_role" ("id", "created_at", "updated_at", "user_id", "role_id") VALUES ('1', '2018-12-28 04:45:32', '2018-12-28 04:45:32', '1', '2'),
('2', '2018-12-28 04:45:32', '2018-12-28 04:45:32', '2', '2'),
('3', '2018-12-28 04:45:32', '2018-12-28 04:45:32', '3', '2'),
('4', '2018-12-28 04:45:32', '2018-12-28 04:45:32', '4', '2'),
('5', '2018-12-28 04:45:32', '2018-12-28 04:45:32', '5', '2');
